<?xml version="1.0"?>
<opencv_storage>
<Rotation_Distortion type_id="opencv-matrix">
  <rows>3</rows>
  <cols>1</cols>
  <dt>d</dt>
  <data>
    -2.1666765214144825e-03 -2.2978683648227833e-03
    6.2470126261143100e-01</data></Rotation_Distortion>
<Translation_Distortion type_id="opencv-matrix">
  <rows>3</rows>
  <cols>1</cols>
  <dt>d</dt>
  <data>
    1.0519648749328249e+01 2.4534373667315599e+00 3.7958771362305715e-02</data></Translation_Distortion>
<ROI type_id="opencv-matrix">
  <rows>4</rows>
  <cols>1</cols>
  <dt>d</dt>
  <data>
    0. 0. 565. 411.</data></ROI>
</opencv_storage>
