<?xml version="1.0"?>
<opencv_storage>
<Rotation_Distortion type_id="opencv-matrix">
  <rows>3</rows>
  <cols>1</cols>
  <dt>d</dt>
  <data>
    -2.3591655912157212e-03 -2.7828240825000902e-03
    6.9033546488428554e-01</data></Rotation_Distortion>
<Translation_Distortion type_id="opencv-matrix">
  <rows>3</rows>
  <cols>1</cols>
  <dt>d</dt>
  <data>
    1.9613786603826515e+01 9.4563867364416936e+00 6.8817291051310014e-02</data></Translation_Distortion>
<ROI type_id="opencv-matrix">
  <rows>4</rows>
  <cols>1</cols>
  <dt>d</dt>
  <data>
    0. 0. 560. 403.</data></ROI>
</opencv_storage>
