<?xml version="1.0"?>
<opencv_storage>
<Rotation_Distortion type_id="opencv-matrix">
  <rows>3</rows>
  <cols>1</cols>
  <dt>d</dt>
  <data>
    -2.3791791853709030e-03 -2.7915572233375473e-03
    6.9083937650211846e-01</data></Rotation_Distortion>
<Translation_Distortion type_id="opencv-matrix">
  <rows>3</rows>
  <cols>1</cols>
  <dt>d</dt>
  <data>
    1.9603285583000073e+01 9.4469780051781580e+00 6.8863536075869064e-02</data></Translation_Distortion>
<ROI type_id="opencv-matrix">
  <rows>4</rows>
  <cols>1</cols>
  <dt>d</dt>
  <data>
    0. 0. 608. 448.</data></ROI>
</opencv_storage>
