<?xml version="1.0"?>
<opencv_storage>
<Rotation_Distortion type_id="opencv-matrix">
  <rows>3</rows>
  <cols>1</cols>
  <dt>d</dt>
  <data>
    -2.1987180529388162e-03 -2.7647744170730300e-03
    6.8056021662864064e-01</data></Rotation_Distortion>
<Translation_Distortion type_id="opencv-matrix">
  <rows>3</rows>
  <cols>1</cols>
  <dt>d</dt>
  <data>
    3.4569943487595026e+01 1.9004731499666200e+01 1.1168917990796207e-01</data></Translation_Distortion>
<ROI type_id="opencv-matrix">
  <rows>4</rows>
  <cols>1</cols>
  <dt>d</dt>
  <data>
    0. 0. 604. 443.</data></ROI>
</opencv_storage>
