<?xml version="1.0"?>
<opencv_storage>
<Ret>5.6980452519636977e+01</Ret>
<Original_Matrix type_id="opencv-matrix">
  <rows>3</rows>
  <cols>3</cols>
  <dt>d</dt>
  <data>
    1. 0. -5.2417187947649083e-26 0. 1. -2.8679097612258001e-26 0. 0. 1.</data></Original_Matrix>
<Optimized_Matrix type_id="opencv-matrix">
  <rows>3</rows>
  <cols>3</cols>
  <dt>d</dt>
  <data>
    1.0342284440994263e+00 0. -5.4211346672658423e-26 0.
    1.0031672716140747e+00 -2.8769931246657779e-26 0. 0. 1.</data></Optimized_Matrix>
<Distortion type_id="opencv-matrix">
  <rows>1</rows>
  <cols>5</cols>
  <dt>d</dt>
  <data>
    -2.2224375032759895e-18 -1.9626877942630104e-13
    -9.2401224231274269e-21 -1.8667733499563000e-20
    1.1211862223083770e-18</data></Distortion>
<Rotation_Distortion type_id="opencv-matrix">
  <rows>3</rows>
  <cols>1</cols>
  <dt>d</dt>
  <data>
    -2.1931565646729377e-03 -2.7633765205387923e-03
    6.8105727909096425e-01</data></Rotation_Distortion>
<Translation_Distortion type_id="opencv-matrix">
  <rows>3</rows>
  <cols>1</cols>
  <dt>d</dt>
  <data>
    3.4552626701182731e+01 1.8987384261313075e+01 1.1157325847010534e-01</data></Translation_Distortion>
<ROI type_id="opencv-matrix">
  <rows>4</rows>
  <cols>1</cols>
  <dt>d</dt>
  <data>
    0. 0. 589. 428.</data></ROI>
</opencv_storage>
